{
  "info": {
    "name": "Student RESTful API (Upgraded)",
    "_postman_id": "blade-collection-001",
    "description": "Full-featured collection for testing the Student CRUD API with pagination, filtering, and dynamic ID storage.",
    "schema": "https://schema.getpostman.com/json/collection/v2.1.0/collection.json"
  },
  "item": [
    {
      "name": "Create Student",
      "request": {
        "method": "POST",
        "header": [
          {
            "key": "Content-Type",
            "value": "application/json"
          }
        ],
        "body": {
          "mode": "raw",
          "raw": "{\n  \"firstName\": \"Rayhan\",\n  \"lastName\": \"Blade\",\n  \"email\": \"blade1751046291.589851@glaze.com\",\n  \"age\": 14\n}"
        },
        "url": {
          "raw": "http://localhost:3000/students",
          "protocol": "http",
          "host": [
            "localhost"
          ],
          "port": "3000",
          "path": [
            "students"
          ]
        }
      },
      "event": [
        {
          "listen": "test",
          "script": {
            "exec": [
              "pm.test(\"Status code is 201\", function () {",
              "    pm.response.to.have.status(201);",
              "});",
              "",
              "let responseData = pm.response.json();",
              "pm.environment.set(\"studentId\", responseData._id);"
            ],
            "type": "text/javascript"
          }
        }
      ]
    },
    {
      "name": "Get All Students",
      "request": {
        "method": "GET",
        "url": {
          "raw": "http://localhost:3000/students",
          "protocol": "http",
          "host": [
            "localhost"
          ],
          "port": "3000",
          "path": [
            "students"
          ]
        }
      },
      "event": [
        {
          "listen": "test",
          "script": {
            "exec": [
              "pm.test(\"Status code is 200\", function () {",
              "    pm.response.to.have.status(200);",
              "});",
              "pm.test(\"Response is an array\", function () {",
              "    pm.expect(pm.response.json()).to.be.an('array');",
              "});"
            ],
            "type": "text/javascript"
          }
        }
      ]
    },
    {
      "name": "Get Student Count",
      "request": {
        "method": "GET",
        "url": {
          "raw": "http://localhost:3000/students/count",
          "protocol": "http",
          "host": [
            "localhost"
          ],
          "port": "3000",
          "path": [
            "students",
            "count"
          ]
        }
      },
      "event": [
        {
          "listen": "test",
          "script": {
            "exec": [
              "pm.test(\"Status code is 200\", function () {",
              "    pm.response.to.have.status(200);",
              "});",
              "pm.test(\"Response has count\", function () {",
              "    pm.expect(pm.response.json()).to.have.property(\"count\");",
              "});"
            ],
            "type": "text/javascript"
          }
        }
      ]
    },
    {
      "name": "Update Student",
      "request": {
        "method": "PUT",
        "header": [
          {
            "key": "Content-Type",
            "value": "application/json"
          }
        ],
        "body": {
          "mode": "raw",
          "raw": "{\n  \"firstName\": \"UpdatedBlade\"\n}"
        },
        "url": {
          "raw": "http://localhost:3000/students/{{studentId}}",
          "protocol": "http",
          "host": [
            "localhost"
          ],
          "port": "3000",
          "path": [
            "students",
            "{{studentId}}"
          ]
        }
      },
      "event": [
        {
          "listen": "test",
          "script": {
            "exec": [
              "pm.test(\"Status code is 200\", function () {",
              "    pm.response.to.have.status(200);",
              "});",
              "pm.test(\"First name is updated\", function () {",
              "    pm.expect(pm.response.json().firstName).to.eql(\"UpdatedBlade\");",
              "});"
            ],
            "type": "text/javascript"
          }
        }
      ]
    },
    {
      "name": "Delete Student",
      "request": {
        "method": "DELETE",
        "url": {
          "raw": "http://localhost:3000/students/{{studentId}}",
          "protocol": "http",
          "host": [
            "localhost"
          ],
          "port": "3000",
          "path": [
            "students",
            "{{studentId}}"
          ]
        }
      },
      "event": [
        {
          "listen": "test",
          "script": {
            "exec": [
              "pm.test(\"Status code is 200\", function () {",
              "    pm.response.to.have.status(200);",
              "});",
              "pm.test(\"Deleted ID exists\", function () {",
              "    const json = pm.response.json();",
              "    pm.expect(json).to.have.property(\"id\");",
              "});"
            ],
            "type": "text/javascript"
          }
        }
      ]
    },
    {
      "name": "Filter by lastName",
      "request": {
        "method": "GET",
        "url": {
          "raw": "http://localhost:3000/students?lastName=Blade",
          "protocol": "http",
          "host": [
            "localhost"
          ],
          "port": "3000",
          "path": [
            "students"
          ],
          "query": [
            {
              "key": "lastName",
              "value": "Blade"
            }
          ]
        }
      },
      "event": [
        {
          "listen": "test",
          "script": {
            "exec": [
              "pm.test(\"Status code is 200\", function () {",
              "    pm.response.to.have.status(200);",
              "});"
            ],
            "type": "text/javascript"
          }
        }
      ]
    },
    {
      "name": "Paginate Results",
      "request": {
        "method": "GET",
        "url": {
          "raw": "http://localhost:3000/students?page=1&limit=2",
          "protocol": "http",
          "host": [
            "localhost"
          ],
          "port": "3000",
          "path": [
            "students"
          ],
          "query": [
            {
              "key": "page",
              "value": "1"
            },
            {
              "key": "limit",
              "value": "2"
            }
          ]
        }
      },
      "event": [
        {
          "listen": "test",
          "script": {
            "exec": [
              "pm.test(\"Status code is 200\", function () {",
              "    pm.response.to.have.status(200);",
              "});",
              "pm.test(\"Array of limited results\", function () {",
              "    pm.expect(pm.response.json()).to.be.an('array');",
              "});"
            ],
            "type": "text/javascript"
          }
        }
      ]
    }
  ]
}